CUSTOMER_ID,CUST_FIRST_NAME,CUST_LAST_NAME,STREET_ADDRESS,POSTAL_CODE,CITY,STATE_PROVINCE,COUNTRY_ID,COUNTRY_NAME,REGION_ID,NLS_LANGUAGE,NLS_TERRITORY,CREDIT_LIMIT,CUST_EMAIL,PRIMARY_PHONE_NUMBER,PHONE_NUMBER_2,ACCOUNT_MGR_ID,LOCATION_GTYPE,LOCATION_SRID,LOCATION_X,LOCATION_Y
144,Sivaji,Landis,221 3Rd Ave Se # 300,52401,Cedar Rapids,IA,US,United States of America,2,us,AMERICA,500,Sivaji.Landis@GOLDENEYE.EXAMPLE.COM,+1 319 123 4301,,145,2001,8307,-91.66643,41.977151
145,Mammutti,Pacino,2120 Heights Dr,54701,Eau Claire,WI,US,United States of America,2,us,AMERICA,500,Mammutti.Pacino@GREBE.EXAMPLE.COM,+1 745 123 4306,,145,2001,8307,-91.51556,44.795509
146,Elia,Fawcett,8989 N Port Washington Rd,53217,Milwaukee,WI,US,United States of America,2,us,AMERICA,500,Elia.Fawcett@JACANA.EXAMPLE.COM,+1 414 123 4307,,145,2001,8307,-87.91422,43.180714
147,Ishwarya,Roberts,6555 W Good Hope Rd,53223,Milwaukee,WI,US,United States of America,2,us,AMERICA,600,Ishwarya.Roberts@LAPWING.EXAMPLE.COM,+1 414 123 4308,,145,2001,8307,-87.99294,43.148558
148,Gustav,Steenburgen,1314 N Stoughton Rd,53714,Madison,WI,US,United States of America,2,us,AMERICA,600,Gustav.Steenburgen@PINTAIL.EXAMPLE.COM,+1 608 123 4309,,145,2001,8307,-89.32103,43.11362
149,Markus,Rampling,4715 Sprecher Rd,53704,Madison,WI,US,United States of America,2,us,AMERICA,600,Markus.Rampling@PUFFIN.EXAMPLE.COM,+1 608 123 4318,,145,2001,8307,-89.31665,43.130717
150,Goldie,Slater,6161 N 64Th St,53218,Milwaukee,WI,US,United States of America,2,us,AMERICA,700,Goldie.Slater@PYRRHULOXIA.EXAMPLE.COM,+1 414 123 4323,,145,2001,8307,-87.99083,43.130205
151,Divine,Aykroyd,11016 W Lincoln Ave,53227,Milwaukee,WI,US,United States of America,2,us,AMERICA,700,Divine.Aykroyd@REDSTART.EXAMPLE.COM,+1 414 123 4324,,145,2001,8307,-88.049291,43.00271
152,Dieter,Matthau,8600 W National Ave,53227,Milwaukee,WI,US,United States of America,2,us,AMERICA,700,Dieter.Matthau@VERDIN.EXAMPLE.COM,+1 414 123 4328,,145,2001,8307,0,
153,Divine,Sheen,615 N Sherman Ave,53704,Madison,WI,US,United States of America,2,us,AMERICA,700,Divine.Sheen@COWBIRD.EXAMPLE.COM,+1 608 123 4332,,145,2001,8307,-89.3638,43.107253
154,Frederic,Grodin,512 E Grand Ave,53511,Beloit,WI,US,United States of America,2,us,AMERICA,700,Frederic.Grodin@CREEPER.EXAMPLE.COM,+1 608 123 4344,,145,2001,8307,-89.03216,42.499575
155,Frederico,Romero,600 N Broadway Fl 1,53202,Milwaukee,WI,US,United States of America,2,us,AMERICA,700,Frederico.Romero@CURLEW.EXAMPLE.COM,+1 414 123 4347,,145,2001,8307,-87.90777,43.037372
156,Goldie,Montand,5235 N Ironwood Ln,53217,Milwaukee,WI,US,United States of America,2,us,AMERICA,700,Goldie.Montand@DIPPER.EXAMPLE.COM,+1 414 123 4348,,145,2001,8307,-87.91841,43.113239
157,Sidney,Capshaw,322 E Michigan St,53202,Milwaukee,WI,US,United States of America,2,us,AMERICA,700,Sidney.Capshaw@DUNLIN.EXAMPLE.COM,+1 414 123 4350,,145,2001,8307,-87.90745,43.037389
158,Frederico,Lyon,1400 Bellinger St Fl 4,54703,Eau Claire,WI,US,United States of America,2,us,AMERICA,700,Frederico.Lyon@FLICKER.EXAMPLE.COM,+1 745 123 4367,,145,2001,8307,-91.51112,44.813529
159,Eddie,Boyer,411 E Wisconsin Ave # 2550,53202,Milwaukee,WI,US,United States of America,2,us,AMERICA,700,Eddie.Boyer@GALLINULE.EXAMPLE.COM,+1 414 123 4369,,145,2001,8307,-87.90645,43.038621
160,Eddie,Stern,808 3Rd St # 100,54403,Wausau,WI,US,United States of America,2,us,AMERICA,700,Eddie.Stern@GODWIT.EXAMPLE.COM,+1 715 123 4372,,145,2001,8307,-89.62748,44.963124
161,Ernest,Weaver,300 Crooks St,54301,Green Bay,WI,US,United States of America,2,us,AMERICA,900,Ernest.Weaver@GROSBEAK.EXAMPLE.COM,+1 414 123 4373,,145,2001,8307,-88.01714,44.510237
162,Ernest,George,122 E Dayton St,53703,Madison,WI,US,United States of America,2,us,AMERICA,900,Ernest.George@LAPWING.EXAMPLE.COM,+1 608 123 4374,,145,2001,8307,-89.38472,43.077067
164,Charlotte,Kazan,2122 Campbell Rd,54601,La Crosse,WI,US,United States of America,2,us,AMERICA,1200,Charlotte.Kazan@MERGANSER.EXAMPLE.COM,+1 608 123 4378,,145,2001,8307,-91.22433,43.815379
165,Charlotte,Fonda,3324 N Oakland Ave,53211,Milwaukee,WI,US,United States of America,2,us,AMERICA,1200,Charlotte.Fonda@MOORHEN.EXAMPLE.COM,+1 414 123 4381,,145,2001,8307,-87.88781,43.078038
166,Dheeraj,Alexander,666 22Nd Ave Ne,55418,Minneapolis,MN,US,United States of America,2,us,AMERICA,1200,Dheeraj.Alexander@NUTHATCH.EXAMPLE.COM,+1 612 123 4397,,145,2001,8307,-93.25421,45.009864
167,Gerard,Hershey,1501 Lowry Ave N,55411,Minneapolis,MN,US,United States of America,2,us,AMERICA,1200,Gerard.Hershey@PARULA.EXAMPLE.COM,+1 612 123 4399,,145,2001,8307,-93.29798,45.01319
169,Dheeraj,Davis,4200 Yosemite Ave S,55416,Minneapolis,MN,US,United States of America,2,us,AMERICA,1200,Dheeraj.Davis@PIPIT.EXAMPLE.COM,+1 612 123 4417,,145,2001,8307,-93.35285,44.924115
170,Harry Dean,Fonda,2800 Chicago Ave # 100,55407,Minneapolis,MN,US,United States of America,2,us,AMERICA,1200,HarryDean.Fonda@PLOVER.EXAMPLE.COM,+1 612 123 4419,,145,2001,8307,-93.26233,44.951875
171,Hema,Powell,200 1St St Sw,55905,Rochester,MN,US,United States of America,2,us,AMERICA,1200,Hema.Powell@SANDERLING.EXAMPLE.COM,+1 507 123 4421,,145,2001,8307,-92.46698,44.021392
172,Harry Mean,Peckinpah,314 W Superior St # 1015,55802,Duluth,MN,US,United States of America,2,us,AMERICA,1200,HarryMean.Peckinpah@VERDIN.EXAMPLE.COM,+1 218 123 4429,,145,2001,8307,0,
174,Blake,Seignier,2720 Brewerton Rd,13211,Syracuse,NY,US,United States of America,2,us,AMERICA,1200,Blake.Seignier@GALLINULE.EXAMPLE.COM,+1 315 123 4442,,149,2001,8307,-76.14607,43.106533
175,Claude,Powell,2134 W Genesee St,13219,Syracuse,NY,US,United States of America,2,us,AMERICA,1200,Claude.Powell@GODWIT.EXAMPLE.COM,+1 315 123 4447,,149,2001,8307,-76.19845,43.047707
176,Faye,Glenn,1522 Main St,14305,Niagara Falls,NY,US,United States of America,2,us,AMERICA,1200,Faye.Glenn@GREBE.EXAMPLE.COM,+1 716 123 4457,,149,2001,8307,-79.05241,43.102789
177,Gerhard,Seignier,49 N Pine Ave,12203,Albany,NY,US,United States of America,2,us,AMERICA,1200,Gerhard.Seignier@JACANA.EXAMPLE.COM,+1 518 123 4459,,149,2001,8307,-73.7927,42.668507
179,Harry dean,Forrest,137 Lark St,12210,Albany,NY,US,United States of America,2,us,AMERICA,1200,Harrydean.Forrest@KISKADEE.EXAMPLE.COM,+1 518 123 4474,,149,2001,8307,-73.76188,42.658418
180,Harry dean,Cage,33 Fulton St,12601,Poughkeepsie,NY,US,United States of America,2,us,AMERICA,1200,Harrydean.Cage@LAPWING.EXAMPLE.COM,+1 914 123 4494,,149,2001,8307,-73.928561,41.723468
181,Lauren,Hershey,2360 Maxon Rd,12308,Schenectady,NY,US,United States of America,2,us,AMERICA,1200,Lauren.Hershey@LIMPKIN.EXAMPLE.COM,+1 518 123 4496,,149,2001,8307,-73.91984,42.833987
183,Lauren,Altman,1 Palisade Ave Fl 2,10701,Yonkers,NY,US,United States of America,2,us,AMERICA,1200,Lauren.Altman@MERGANSER.EXAMPLE.COM,+1 914 123 4578,,149,2001,8307,-73.89811,40.933646
184,Mary Beth,Roberts,500 S Salina St # 500,13202,Syracuse,NY,US,United States of America,2,us,AMERICA,1200,MaryBeth.Roberts@NUTHATCH.EXAMPLE.COM,+1 315 123 4597,,149,2001,8307,-76.15252,43.044258
185,Matthew,Wright,33 Pine St,14094,Lockport,NY,US,United States of America,2,us,AMERICA,1200,Matthew.Wright@OVENBIRD.EXAMPLE.COM,+1 716 123 4599,,149,2001,8307,-78.69231,43.169422
186,Meena,Alexander,Po Box 2152,14240,Buffalo,NY,US,United States of America,2,us,AMERICA,1200,Meena.Alexander@PARULA.EXAMPLE.COM,+1 716 123 4605,,149,2001,8307,-78.82672,42.884822
188,Charlotte,Buckley,1790 Grand Blvd,12309,Schenectady,NY,US,United States of America,2,us,AMERICA,1200,Charlotte.Buckley@PINTAIL.EXAMPLE.COM,+1 518 123 4618,,149,2001,8307,-73.90567,42.814971
277,Don,Siegel,2904 S Salina St,13205,Syracuse,NY,US,United States of America,2,us,AMERICA,5000,Don.Siegel@BITTERN.EXAMPLE.COM,+1 315 123 4585,,149,2001,8307,-76.14293,43.01943
278,Gvtz,Bradford,3025 Sussex Ave,15226,Pittsburgh,PA,US,United States of America,2,us,AMERICA,5000,Gvtz.Bradford@BULBUL.EXAMPLE.COM,+1 412 123 4659,,149,2001,8307,-80.016204,40.384079
279,Holly,Kurosawa,932 High St,17603,Lancaster,PA,US,United States of America,2,us,AMERICA,5000,Holly.Kurosawa@CARACARA.EXAMPLE.COM,+1 717 123 4679,,149,2001,8307,-76.31964,40.028889
280,Rob,MacLaine,5344 Haverford Ave,19139,Philadelphia,PA,US,United States of America,2,us,AMERICA,5000,Rob.MacLaine@COOT.EXAMPLE.COM,+1 215 123 4709,,149,2001,8307,0,
281,Don,Barkin,6959 Tulip St,19135,Philadelphia,PA,US,United States of America,2,us,AMERICA,5000,Don.Barkin@CORMORANT.EXAMPLE.COM,+1 215 123 4751,,149,2001,8307,-75.04023,40.024509
282,Kurt,Danson,511 S Central Ave # A,21202,Baltimore,MD,US,United States of America,2,us,AMERICA,5000,Kurt.Danson@COWBIRD.EXAMPLE.COM,+1 410 123 4807,,145,2001,8307,-76.59934,39.28475
283,Kurt,Heard,400 E Joppa Rd,21286,Baltimore,MD,US,United States of America,2,us,AMERICA,5000,Kurt.Heard@CURLEW.EXAMPLE.COM,+1 410 123 4829,,145,2001,8307,-76.595984,39.401932
308,Glenda,Dunaway,1795 Wu Meng,21191,Muang Chonburi,,CN,China,3,zhs,CHINA,1200,Glenda.Dunaway@DOWITCHER.EXAMPLE.COM,+86 811 012 4093,,148,,,,
309,Glenda,Bates,1796 Tsing Tao,11111,Muang Nonthaburi,,CN,China,3,zhs,CHINA,1200,Glenda.Bates@DIPPER.EXAMPLE.COM,+86 123 012 4095,,148,,,,
323,Goetz,Falk,1810 Tucker Crt,361181,Mumbai,,IN,India,3,hi,INDIA,5000,Goetz.Falk@VEERY.EXAMPLE.COM,+91 80 012 4123,+91 80 083 4833,148,,,,
326,Hal,Olin,Walpurgisstr 69,81243,Munich,,DE,Germany,1,d,GERMANY,2400,Hal.Olin@FLICKER.EXAMPLE.COM,+49 89 012 4129,+49 89 083 4839,147,,,,
327,Hannah,Kanth,Sendlinger Tor 4,81696,Munich,,DE,Germany,1,d,GERMANY,2400,Hannah.Kanth@GADWALL.EXAMPLE.COM,+49 90 012 4131,+49 90 083 4131,147,,,,
328,Hannah,Field,Theresienstr 15,81999,Munich,,DE,Germany,1,d,GERMANY,2400,Hannah.Field@GALLINULE.EXAMPLE.COM,+49 91 012 4133,+49 91 083 4133,147,,,,
333,Margret,Powell,Via Frenzy 6903,361196,Roma,,IT,Italy,1,i,ITALY,1200,Margret.Powell@ANI.EXAMPLE.COM,+39 6 012 4543,,147,,,,
334,Harry Mean,Taylor,1822 Ironweed St,91261,Toronto,ONT,CA,Canada,2,us,AMERICA,1200,HarryMean.Taylor@REDPOLL.EXAMPLE.COM,+1 416 012 4147,,147,,,,
335,Margrit,Garner,Via Luminosa 162,361197,Firenze,,IT,Italy,1,i,ITALY,500,Margrit.Garner@STILT.EXAMPLE.COM,+39 55 012 4547,,147,,,,
337,Maria,Warden,Via Notoriosa 1932 Rd,361198,Firenze,,IT,Italy,1,i,ITALY,500,Maria.Warden@TANAGER.EXAMPLE.COM,+39 55 012 4551,,147,,,,
361,Marilou,Chapman,Via Notoriosa 1942,361200,Firenze,,IT,Italy,1,i,ITALY,500,Marilou.Chapman@TEAL.EXAMPLE.COM,+39 55 012 4559,,147,,,,
363,Kathy,Lambert,Via Delle Grazie 11,361225,Tellaro,,IT,Italy,1,i,ITALY,2400,Kathy.Lambert@COOT.EXAMPLE.COM,+39 10 012 4363,,147,,,,
360,Helmut,Capshaw,1831 No Wong,111181,Peking,,CN,China,3,zhs,CHINA,3600,Helmut.Capshaw@TROGON.EXAMPLE.COM,+86 10 012 4165,,148,,,,
341,Keir,George,Via Dolorosa 69,361229,Tellaro,,IT,Italy,1,i,ITALY,700,Keir.George@VIREO.EXAMPLE.COM,+39 10 012 4365,,147,,,,
342,Marlon,Laughton,Via Notoriosa 1943,361201,Firenze,,IT,Italy,1,i,ITALY,2400,Marlon.Laughton@CORMORANT.EXAMPLE.COM,+39 55 012 4565,,147,,,,
343,Keir,Chandar,Via Luminosa 162,361231,Tellaro,,IT,Italy,1,i,ITALY,700,Keir.Chandar@WATERTHRUSH.EXAMPLE.COM,+39 10 012 4367,,147,,,,
345,Keir,Weaver,Via Di Firenze 231,361228,Tellaro,,IT,Italy,1,i,ITALY,700,Keir.Weaver@WHIMBREL.EXAMPLE.COM,+39 10 012 4369,,147,,,,
346,Marlon,Clapton,Via Notoriosa 1949,361202,Firenze,,IT,Italy,1,i,ITALY,2400,Marlon.Clapton@COWBIRD.EXAMPLE.COM,+39 55 012 4569,,147,,,,
347,Kelly,Quinlan,Via Frenzy 6903,361230,Tellaro,,IT,Italy,1,i,ITALY,3600,Kelly.Quinlan@PYRRHULOXIA.EXAMPLE.COM,+39 10 012 4371,+39 10 083 4371,147,,,,
349,Ken,Glenn,Piazza Quattre Stagioni 4,361220,San Giminiano,,IT,Italy,1,i,ITALY,3600,Ken.Glenn@SAW-WHET.EXAMPLE.COM,+39 49 012 4375,+39 49 083 4375,147,,,,
350,Ken,Chopra,Piazza Cacchiatore 23,361218,San Giminiano,,IT,Italy,1,i,ITALY,3600,Ken.Chopra@SCAUP.EXAMPLE.COM,+39 49 012 4377,+39 49 083 4377,147,,,,
351,Ken,Wenders,Via Notoriosa 1932,361232,Tellaro,,IT,Italy,1,i,ITALY,3600,Ken.Wenders@REDPOLL.EXAMPLE.COM,+39 10 012 4379,+39 10 083 4379,147,,,,
380,Meryl,Holden,2034 Sabrina Rd,361182,Samutprakarn,,IN,India,3,hi,INDIA,3700,Meryl.Holden@DIPPER.EXAMPLE.COM,+91 80 012 4637,+91 80 083 4637,148,,,,
447,Richard,Coppola,Piazza Svizzera,361211,Milano,,IT,Italy,1,i,ITALY,500,Richard.Coppola@SISKIN.EXAMPLE.COM,+39 2 012 4771,,147,,,,
448,Richard,Winters,Ruella Delle Spiriti,361212,Milano,,IT,Italy,1,i,ITALY,500,Richard.Winters@SNIPE.EXAMPLE.COM,+39 2 012 4773,,147,,,,
450,Rick,Lyon,Via Delle Capeletti 52,361214,San Giminiano,,IT,Italy,1,i,ITALY,1500,Rick.Lyon@MERGANSER.EXAMPLE.COM,+39 49 012 4777,,147,,,,
451,Ridley,Hackman,Via Delle Grazie 11,361215,San Giminiano,,IT,Italy,1,i,ITALY,700,Ridley.Hackman@ANHINGA.EXAMPLE.COM,+39 49 012 4779,,147,,,,
452,Ridley,Coyote,Via Delli Capelli 2,361216,San Giminiano,,IT,Italy,1,i,ITALY,700,Ridley.Coyote@ANI.EXAMPLE.COM,+39 49 012 4781,,147,,,,
454,Rob,Russell,1593 Silverado St,361112,Bangalore,Kar,IN,India,3,hi,INDIA,5000,Rob.Russell@VERDIN.EXAMPLE.COM,+91 80 012 4785,+91 80 083 4785,148,,,,
458,Robert,de Niro,1597 Legend St,,Mysore,Kar,IN,India,3,hi,INDIA,3700,Robert.deNiro@DOWITCHER.EXAMPLE.COM,+91 80 012 4793,,148,,,,
466,Rodolfo,Hershey,1605 Bazigar Crt,,Pune,,IN,India,3,hi,INDIA,5000,Rodolfo.Hershey@VIREO.EXAMPLE.COM,+91 80 012 4809,+91 80 083 4809,148,,,,
467,Rodolfo,Dench,1606 Sangam Blvd,361196,New Delhi,,IN,India,3,hi,INDIA,5000,Rodolfo.Dench@SCOTER.EXAMPLE.COM,+91 11 012 4811,+91 11 083 4811,148,,,,
468,Rodolfo,Altman,1607 Sangam Blvd,361114,New Delhi,,IN,India,3,hi,INDIA,5000,Rodolfo.Altman@SHRIKE.EXAMPLE.COM,+91 11 012 4813,+91 11 083 4813,148,,,,
189,Gena,Harris,7 Ingelside Ln,10605,White Plains,NY,US,United States of America,2,us,AMERICA,1200,Gena.Harris@PIPIT.EXAMPLE.COM,+1 914 123 4619,,149,2001,8307,-73.7369,40.999002
190,Gena,Curtis,18 Glenridge Rd,12302,Schenectady,NY,US,United States of America,2,us,AMERICA,1200,Gena.Curtis@PLOVER.EXAMPLE.COM,+1 518 123 4624,,149,2001,8307,-73.92997,42.868566
191,Maureen,Sanders,6432 Rising Sun Ave,19111,Philadelphia,PA,US,United States of America,2,us,AMERICA,1200,Maureen.Sanders@PUFFIN.EXAMPLE.COM,+1 215 123 4644,,149,2001,8307,-75.095,40.050359
192,Sean,Stockwell,Rr 10,19606,Reading,PA,US,United States of America,2,us,AMERICA,1200,Sean.Stockwell@PYRRHULOXIA.EXAMPLE.COM,+1 610 123 4657,,149,2001,8307,-75.85273,40.333337
193,Harry dean,Kinski,2455 Rose Garden Rd,15220,Pittsburgh,PA,US,United States of America,2,us,AMERICA,1200,Harrydean.Kinski@REDPOLL.EXAMPLE.COM,+1 412 123 4662,,149,2001,8307,-80.045732,40.407729
194,Kathleen,Garcia,1812 Timberline Rd,16601,Altoona,PA,US,United States of America,2,us,AMERICA,1200,Kathleen.Garcia@REDSTART.EXAMPLE.COM,+1 814 123 4663,,149,2001,8307,-78.44857,40.487139
195,Sean,Olin,141 Schiller St,19601,Reading,PA,US,United States of America,2,us,AMERICA,1200,Sean.Olin@SCAUP.EXAMPLE.COM,+1 610 123 4664,,149,2001,8307,-75.93642,40.342217
196,Gerard,Dench,1126 Pawlings Rd,19403,Norristown,PA,US,United States of America,2,us,AMERICA,1200,Gerard.Dench@SCOTER.EXAMPLE.COM,+1 610 123 4667,,149,2001,8307,-75.432962,40.126981
197,Gerard,Altman,55 Church Hill Rd,19606,Reading,PA,US,United States of America,2,us,AMERICA,1200,Gerard.Altman@SHRIKE.EXAMPLE.COM,+1 610 123 4669,,149,2001,8307,-75.85054,40.359876
198,Maureen,de Funes,354 N Prince St,17603,Lancaster,PA,US,United States of America,2,us,AMERICA,1200,Maureen.deFunes@SISKIN.EXAMPLE.COM,+1 717 123 4674,,149,2001,8307,-76.30895,40.043037
199,Clint,Chapman,115 Chestnut St,19106,Philadelphia,PA,US,United States of America,2,us,AMERICA,1400,Clint.Chapman@SNIPE.EXAMPLE.COM,+1 215 123 4676,,149,2001,8307,-75.14343,39.94801
200,Clint,Gielgud,2899 Grand Ave,15225,Pittsburgh,PA,US,United States of America,2,us,AMERICA,1400,Clint.Gielgud@STILT.EXAMPLE.COM,+1 412 123 4681,,149,2001,8307,-80.117174,40.508616
201,Eric,Prashant,Po Box 39,15701,Indiana,PA,US,United States of America,2,us,AMERICA,1400,Eric.Prashant@TATTLER.EXAMPLE.COM,+1 412 123 4684,,149,2001,8307,-79.151699,40.620971
202,Ingrid,Welles,1604 Broadway Ave,15216,Pittsburgh,PA,US,United States of America,2,us,AMERICA,1400,Ingrid.Welles@TEAL.EXAMPLE.COM,+1 412 123 4688,,149,2001,8307,-80.024861,40.410256
203,Ingrid,Rampling,4734 Liberty Ave,15224,Pittsburgh,PA,US,United States of America,2,us,AMERICA,1400,Ingrid.Rampling@WIGEON.EXAMPLE.COM,+1 412 123 4691,,149,2001,8307,-79.94906,40.461561
204,Cliff,Puri,21 Thornwood Rd,17112,Harrisburg,PA,US,United States of America,2,us,AMERICA,1400,Cliff.Puri@CORMORANT.EXAMPLE.COM,+1 717 123 4692,,149,2001,8307,-76.80393,40.314701
205,Emily,Pollack,3725 W Lake Rd,16505,Erie,PA,US,United States of America,2,us,AMERICA,1400,Emily.Pollack@DIPPER.EXAMPLE.COM,+1 814 123 4696,,149,2001,8307,-80.16936,42.097165
206,Fritz,Hackman,1808 4Th Ave,16602,Altoona,PA,US,United States of America,2,us,AMERICA,1400,Fritz.Hackman@DUNLIN.EXAMPLE.COM,+1 814 123 4697,,149,2001,8307,-78.399501,40.505884
207,Cybill,Laughton,Station Sq,15219,Pittsburgh,PA,US,United States of America,2,us,AMERICA,1400,Cybill.Laughton@EIDER.EXAMPLE.COM,+1 412 123 4700,,149,2001,8307,-79.9818,40.443237
208,Cyndi,Griem,4020 Garden Ave,16508,Erie,PA,US,United States of America,2,us,AMERICA,1400,Cyndi.Griem@GALLINULE.EXAMPLE.COM,+1 814 123 4706,,149,2001,8307,-80.11026,42.083634
209,Cyndi,Collins,100 N Peach St,19139,Philadelphia,PA,US,United States of America,2,us,AMERICA,1400,Cyndi.Collins@GODWIT.EXAMPLE.COM,+1 215 123 4708,,149,2001,8307,-75.22731,39.961649
210,Cybill,Clapton,835 Heister Ln,19605,Reading,PA,US,United States of America,2,us,AMERICA,1400,Cybill.Clapton@GOLDENEYE.EXAMPLE.COM,+1 610 123 4714,,149,2001,8307,-75.92064,40.364485
211,Luchino,Jordan,378 S Negley Ave,15232,Pittsburgh,PA,US,United States of America,2,us,AMERICA,1500,Luchino.Jordan@GREBE.EXAMPLE.COM,+1 412 123 4718,,149,2001,8307,-79.93347,40.459305
213,Luchino,Bradford,1401 W Warren Rd,16701,Bradford,PA,US,United States of America,2,us,AMERICA,1500,Luchino.Bradford@PARULA.EXAMPLE.COM,+1 814 123 4722,,149,2001,8307,-78.651424,41.905571
214,Robin,Danson,815 Freeport Rd,15215,Pittsburgh,PA,US,United States of America,2,us,AMERICA,1500,Robin.Danson@PHAINOPEPLA.EXAMPLE.COM,+1 412 123 4724,,149,2001,8307,-79.896621,40.487805
215,Orson,Perkins,327 N Washington Ave # 300,18503,Scranton,PA,US,United States of America,2,us,AMERICA,1900,Orson.Perkins@PINTAIL.EXAMPLE.COM,+1 717 123 4730,,149,2001,8307,-75.662181,41.409215
216,Orson,Koirala,810 Race St,19107,Philadelphia,PA,US,United States of America,2,us,AMERICA,1900,Orson.Koirala@PIPIT.EXAMPLE.COM,+1 215 123 4738,,149,2001,8307,-75.15289,39.95474
218,Bryan,Dvrrie,3376 Perrysville Ave,15214,Pittsburgh,PA,US,United States of America,2,us,AMERICA,2300,Bryan.Dvrrie@REDPOLL.EXAMPLE.COM,+1 412 123 4740,,149,2001,8307,-80.014072,40.481972
219,Ajay,Sen,220 Penn Ave # 300,18503,Scranton,PA,US,United States of America,2,us,AMERICA,2300,Ajay.Sen@TROGON.EXAMPLE.COM,+1 717 123 4741,,149,2001,8307,-75.666231,41.409595
220,Carol,Jordan,135 S 18Th St # 1,19103,Philadelphia,PA,US,United States of America,2,us,AMERICA,2300,Carol.Jordan@TURNSTONE.EXAMPLE.COM,+1 215 123 4743,,149,2001,8307,-75.17787,39.949455
221,Carol,Bradford,522 Swede St,19401,Norristown,PA,US,United States of America,2,us,AMERICA,2300,Carol.Bradford@VERDIN.EXAMPLE.COM,+1 610 123 4744,,149,2001,8307,-75.343572,40.11615
223,Cary,Olin,1801 Lititz Pike,17601,Lancaster,PA,US,United States of America,2,us,AMERICA,2300,Cary.Olin@WATERTHRUSH.EXAMPLE.COM,+1 717 123 4746,,149,2001,8307,-76.30826,40.07257
224,Clara,Krige,101 E Olney Ave,19120,Philadelphia,PA,US,United States of America,2,us,AMERICA,2300,Clara.Krige@WHIMBREL.EXAMPLE.COM,+1 215 123 4748,,149,2001,8307,-75.12021,40.034937
225,Clara,Ganesan,612 Jefferson Ave,18510,Scranton,PA,US,United States of America,2,us,AMERICA,2300,Clara.Ganesan@WIGEON.EXAMPLE.COM,+1 717 123 4752,,149,2001,8307,-75.655941,41.411024
227,Kathy,Prashant,36 W 34Th St,16508,Erie,PA,US,United States of America,2,us,AMERICA,2400,Kathy.Prashant@ANI.EXAMPLE.COM,+1 814 123 4766,,149,2001,8307,-80.07008,42.105437
228,Graham,Neeson,1007 Mount Royal Blvd,15223,Pittsburgh,PA,US,United States of America,2,us,AMERICA,2400,Graham.Neeson@AUKLET.EXAMPLE.COM,+1 412 123 4767,,149,2001,8307,-79.959364,40.516644
229,Ian,Chapman,601 Market St,19106,Philadelphia,PA,US,United States of America,2,us,AMERICA,2400,Ian.Chapman@AVOCET.EXAMPLE.COM,+1 215 123 4768,,149,2001,8307,-75.15065,39.950394
230,Danny,Wright,5565 Baynton St,19144,Philadelphia,PA,US,United States of America,2,us,AMERICA,2400,Danny.Wright@BITTERN.EXAMPLE.COM,+1 215 123 4771,,149,2001,8307,-75.16979,40.036941
232,Donald,Hunter,5122 Sinclair Ln,21206,Baltimore,MD,US,United States of America,2,us,AMERICA,2400,Donald.Hunter@CHACHALACA.EXAMPLE.COM,+1 410 123 4795,,145,2001,8307,-76.545732,39.322775
233,Graham,Spielberg,680 Bel Air Rd,21014,Bel Air,MD,US,United States of America,2,us,AMERICA,2400,Graham.Spielberg@CHUKAR.EXAMPLE.COM,+1 410 123 4800,,145,2001,8307,-76.357073,39.523878
234,Dan,Roberts,4301 Ashland Ave,21205,Baltimore,MD,US,United States of America,2,us,AMERICA,2400,Dan.Roberts@NUTHATCH.EXAMPLE.COM,+1 410 123 4805,,145,2001,8307,-76.561682,39.301622
235,Edward,Oates,8004 Stansbury Rd,21222,Baltimore,MD,US,United States of America,2,us,AMERICA,2400,Edward.Oates@OVENBIRD.EXAMPLE.COM,+1 410 012 4715,+1 410 083 4715,145,2001,8307,-76.500344,39.25618
236,Edward,Julius,10209 Yearling Dr,20850,Rockville,MD,US,United States of America,2,us,AMERICA,2400,Edward.Julius@PARULA.EXAMPLE.COM,+1 301 123 4809,,145,2001,8307,-77.212047,39.098763
237,Farrah,Quinlan,3000 Greenmount Ave,21218,Baltimore,MD,US,United States of America,2,us,AMERICA,2400,Farrah.Quinlan@PHAINOPEPLA.EXAMPLE.COM,+1 410 123 4812,,145,2001,8307,-76.609501,39.324878
238,Farrah,Lange,200 E Fort Ave,21230,Baltimore,MD,US,United States of America,2,us,AMERICA,2400,Farrah.Lange@PHALAROPE.EXAMPLE.COM,+1 410 123 4813,,145,2001,8307,-76.610142,39.272749
239,Hal,Stockwell,1262 Vocke Rd,21502,Cumberland,MD,US,United States of America,2,us,AMERICA,2400,Hal.Stockwell@PHOEBE.EXAMPLE.COM,+1 301 123 4814,,145,2001,8307,0,
240,Malcolm,Kanth,3314 Eastern Ave,21224,Baltimore,MD,US,United States of America,2,us,AMERICA,2400,Malcolm.Kanth@PIPIT.EXAMPLE.COM,+1 410 123 4816,,145,2001,8307,-76.570102,39.28652
241,Malcolm,Broderick,12817 Coastal Hwy,21842,Ocean City,MD,US,United States of America,2,us,AMERICA,2400,Malcolm.Broderick@PLOVER.EXAMPLE.COM,+1 410 123 4817,,145,2001,8307,-75.056879,38.422394
242,Mary,Lemmon,11200 Scaggsville Rd,20723,Laurel,MD,US,United States of America,2,us,AMERICA,2400,Mary.Lemmon@PUFFIN.EXAMPLE.COM,+1 301 123 4818,,145,2001,8307,-76.904846,39.138404
243,Mary,Collins,9435 Washington Blvd N # M,20723,Laurel,MD,US,United States of America,2,us,AMERICA,2400,Mary.Collins@PYRRHULOXIA.EXAMPLE.COM,+1 301 123 4819,,145,2001,8307,-76.830336,39.117905
244,Matt,Gueney,2300 Harford Rd,21218,Baltimore,MD,US,United States of America,2,us,AMERICA,2400,Matt.Gueney@REDPOLL.EXAMPLE.COM,+1 410 123 4822,,145,2001,8307,-76.5969,39.315728
245,Max,von Sydow,2 2Nd St # A,21842,Ocean City,MD,US,United States of America,2,us,AMERICA,2400,Max.vonSydow@REDSTART.EXAMPLE.COM,+1 410 123 4840,,145,2001,8307,-75.084509,38.333211
246,Max,Schell,6917 W Oklahoma Ave,53219,Milwaukee,WI,US,United States of America,2,us,AMERICA,2400,Max.Schell@SANDERLING.EXAMPLE.COM,+1 414 123 4363,,145,2001,8307,-87.99935,42.988358
247,Cynda,Whitcraft,206 S Broadway # 707,55904,Rochester,MN,US,United States of America,2,us,AMERICA,2400,Cynda.Whitcraft@SANDPIPER.EXAMPLE.COM,+1 507 123 4387,,145,2001,8307,-92.46291,44.021356
248,Donald,Minnelli,160 Glenwood Ave,55405,Minneapolis,MN,US,United States of America,2,us,AMERICA,2400,Donald.Minnelli@SCAUP.EXAMPLE.COM,+1 612 123 4436,,145,2001,8307,-93.28336,44.979113
249,Hannah,Broderick,6915 Grand Ave,46323,Hammond,IN,US,United States of America,2,us,AMERICA,2400,Hannah.Broderick@SHRIKE.EXAMPLE.COM,+1 219 123 4145,,145,2001,8307,-87.44218,41.587639
250,Dan,Williams,2215 Oak Industrial Dr Ne,49505,Grand Rapids,MI,US,United States of America,2,us,AMERICA,2400,Dan.Williams@SISKIN.EXAMPLE.COM,+1 616 123 4190,,145,2001,8307,-85.61161,42.975227
251,Raul,Wilder,65 Cadillac Sq # 2701,48226,Detroit,MI,US,United States of America,2,us,AMERICA,2500,Raul.Wilder@STILT.EXAMPLE.COM,+1 313 123 4241,,145,2001,8307,-83.045345,42.331799
252,Shah Rukh,Field,3435 Tuscany Dr Se,49546,Grand Rapids,MI,US,United States of America,2,us,AMERICA,2500,ShahRukh.Field@WHIMBREL.EXAMPLE.COM,+1 616 123 4259,,145,2001,8307,-85.49774,42.900677
253,Sally,Bogart,215 4Th Ave Se,52401,Cedar Rapids,IA,US,United States of America,2,us,AMERICA,2500,Sally.Bogart@WILLET.EXAMPLE.COM,+1 319 123 4269,,145,2001,8307,-91.66561,41.976278
254,Bruce,Bates,1751 Madison Ave,51503,Council Bluffs,IA,US,United States of America,2,us,AMERICA,3500,Bruce.Bates@COWBIRD.EXAMPLE.COM,+1 712 123 4284,,145,2001,8307,-95.82708,41.244721
256,Ben,de Niro,500 W Oklahoma Ave,53207,Milwaukee,WI,US,United States of America,2,us,AMERICA,3500,Ben.deNiro@KINGLET.EXAMPLE.COM,+1 414 123 4312,,145,2001,8307,-87.91708,42.987664
257,Emmet,Walken,4811 S 76Th St # 205,53220,Milwaukee,WI,US,United States of America,2,us,AMERICA,3600,Emmet.Walken@LIMPKIN.EXAMPLE.COM,+1 414 123 4364,,145,2001,8307,-88.008361,42.957388
258,Ellen,Palin,310 Broadway St,56308,Alexandria,MN,US,United States of America,2,us,AMERICA,3600,Ellen.Palin@LONGSPUR.EXAMPLE.COM,+1 320 123 4385,,145,2001,8307,-95.377469,45.890088
259,Denholm,von Sydow,1721 E Lake St,55407,Minneapolis,MN,US,United States of America,2,us,AMERICA,3600,Denholm.vonSydow@MERGANSER.EXAMPLE.COM,+1 612 123 4407,,145,2001,8307,-93.24927,44.94833
261,Emmet,Garcia,800 Carter St,14621,Rochester,NY,US,United States of America,2,us,AMERICA,3600,Emmet.Garcia@VIREO.EXAMPLE.COM,+1 716 123 4582,,149,2001,8307,-77.59255,43.19264
262,Fred,Reynolds,6640 Campbell Blvd,14094,Lockport,NY,US,United States of America,2,us,AMERICA,3600,Fred.Reynolds@WATERTHRUSH.EXAMPLE.COM,+1 716 123 4627,,149,2001,8307,-78.77288,43.103915
263,Fred,Lithgow,802 North Ave,15209,Pittsburgh,PA,US,United States of America,2,us,AMERICA,3600,Fred.Lithgow@WHIMBREL.EXAMPLE.COM,+1 412 123 4677,,149,2001,8307,-79.973484,40.488173
265,Irene,Laughton,6Th And Master St,19122,Philadelphia,PA,US,United States of America,2,us,AMERICA,3600,Irene.Laughton@ANHINGA.EXAMPLE.COM,+1 215 123 4749,,149,2001,8307,-75.146,39.972648
266,Prem,Cardinale,Rt 6 E,16365,Warren,PA,US,United States of America,2,us,AMERICA,3700,Prem.Cardinale@BITTERN.EXAMPLE.COM,+1 814 123 4755,,149,2001,8307,-79.093419,41.836445
267,Prem,Walken,1924 Bedford St,21502,Cumberland,MD,US,United States of America,2,us,AMERICA,3700,Prem.Walken@BRANT.EXAMPLE.COM,+1 301 123 4831,,145,2001,8307,-78.74141,39.67579
268,Kyle,Schneider,2674 Collingwood St,48206,Detroit,MI,US,United States of America,2,us,AMERICA,3700,Kyle.Schneider@DUNLIN.EXAMPLE.COM,+1 313 123 4167,,145,2001,8307,-83.114655,42.379998
270,Meg,Derek,23985 Bedford Rd N,49017,Battle Creek,MI,US,United States of America,2,us,AMERICA,3700,Meg.Derek@FLICKER.EXAMPLE.COM,+1 616 123 4166,,145,2001,8307,-85.23775,42.419583
271,Shelley,Peckinpah,752 W Huron St,48341,Pontiac,MI,US,United States of America,2,us,AMERICA,3700,Shelley.Peckinpah@GODWIT.EXAMPLE.COM,+1 810 123 4212,,145,2001,8307,-83.319991,42.635196
272,Prem,Garcia,660 Woodward Ave # 2290,48226,Detroit,MI,US,United States of America,2,us,AMERICA,3700,Prem.Garcia@JACANA.EXAMPLE.COM,+1 313 123 4240,,145,2001,8307,-83.045995,42.330983
274,Bob,McCarthy,701 Seneca St,14210,Buffalo,NY,US,United States of America,2,us,AMERICA,5000,Bob.McCarthy@ANI.EXAMPLE.COM,+1 716 123 4485,,149,2001,8307,-78.85093,42.876154
275,Dom,McQueen,8 Automation Ln,12205,Albany,NY,US,United States of America,2,us,AMERICA,5000,Dom.McQueen@AUKLET.EXAMPLE.COM,+1 518 123 4532,,149,2001,8307,-73.81064,42.719449
276,Dom,Hoskins,811 N Brandywine Ave,12308,Schenectady,NY,US,United States of America,2,us,AMERICA,5000,Dom.Hoskins@AVOCET.EXAMPLE.COM,+1 518 123 4562,,149,2001,8307,-73.91715,42.806965
101,Constantin,Welles,514 W Superior St,46901,Kokomo,IN,US,United States of America,2,us,AMERICA,100,Constantin.Welles@ANHINGA.EXAMPLE.COM,+1 317 123 4104,,145,2001,8307,-86.13631,40.485424
102,Harrison,Pacino,2515 Bloyd Ave,46218,Indianapolis,IN,US,United States of America,2,us,AMERICA,100,Harrison.Pacino@ANI.EXAMPLE.COM,+1 317 123 4111,,145,2001,8307,-86.120133,39.795766
103,Manisha,Taylor,8768 N State Rd 37,47404,Bloomington,IN,US,United States of America,2,us,AMERICA,100,Manisha.Taylor@AUKLET.EXAMPLE.COM,+1 812 123 4115,,145,2001,8307,-86.5173,39.302695
104,Harrison,Sutherland,6445 Bay Harbor Ln,46254,Indianapolis,IN,US,United States of America,2,us,AMERICA,100,Harrison.Sutherland@GODWIT.EXAMPLE.COM,+1 317 123 4126,,145,2001,8307,-86.272743,39.849678
105,Matthias,MacGraw,4019 W 3Rd St,47404,Bloomington,IN,US,United States of America,2,us,AMERICA,100,Matthias.MacGraw@GOLDENEYE.EXAMPLE.COM,+1 812 123 4129,,145,2001,8307,-86.58332,39.164783
106,Matthias,Hannah,1608 Portage Ave,46616,South Bend,IN,US,United States of America,2,us,AMERICA,100,Matthias.Hannah@GREBE.EXAMPLE.COM,+1 219 123 4136,,145,2001,8307,-86.27021,41.696023
107,Matthias,Cruise,23943 Us Highway 33,46517,Elkhart,IN,US,United States of America,2,us,AMERICA,100,Matthias.Cruise@GROSBEAK.EXAMPLE.COM,+1 219 123 4138,,145,2001,8307,-85.91393,41.631143
108,Meenakshi,Mason,136 E Market St # 800,46204,Indianapolis,IN,US,United States of America,2,us,AMERICA,100,Meenakshi.Mason@JACANA.EXAMPLE.COM,+1 317 123 4141,,145,2001,8307,-86.155533,39.768174
109,Christian,Cage,1905 College St,46628,South Bend,IN,US,United States of America,2,us,AMERICA,100,Christian.Cage@KINGLET.EXAMPLE.COM,+1 219 123 4142,,145,2001,8307,-86.27639,41.701348
110,Charlie,Sutherland,3512 Rockville Rd # 137C,46222,Indianapolis,IN,US,United States of America,2,us,AMERICA,200,Charlie.Sutherland@LIMPKIN.EXAMPLE.COM,+1 317 123 4146,,145,2001,8307,-86.219783,39.762173
111,Charlie,Pacino,1303 E University St,47401,Bloomington,IN,US,United States of America,2,us,AMERICA,200,Charlie.Pacino@LONGSPUR.EXAMPLE.COM,+1 812 123 4150,,145,2001,8307,-86.5175,39.160261
112,Guillaume,Jackson,115 N Weinbach Ave,47711,Evansville,IN,US,United States of America,2,us,AMERICA,200,Guillaume.Jackson@MOORHEN.EXAMPLE.COM,+1 812 123 4151,,145,2001,8307,-87.52901,37.978385
113,Daniel,Costner,2067 Rollett Ln,47712,Evansville,IN,US,United States of America,2,us,AMERICA,200,Daniel.Costner@PARULA.EXAMPLE.COM,+1 812 123 4153,,145,2001,8307,-87.6354,37.955373
114,Dianne,Derek,1105 E Allendale Dr,47401,Bloomington,IN,US,United States of America,2,us,AMERICA,200,Dianne.Derek@SAW-WHET.EXAMPLE.COM,+1 812 123 4157,,145,2001,8307,-86.52167,39.131013
115,Geraldine,Schneider,18305 Van Dyke St,48234,Detroit,MI,US,United States of America,2,us,AMERICA,200,Geraldine.Schneider@SCAUP.EXAMPLE.COM,+1 313 123 4159,,145,2001,8307,-83.024565,42.438298
116,Geraldine,Martin,Lucas Dr Bldg 348,48242,Detroit,MI,US,United States of America,2,us,AMERICA,200,Geraldine.Martin@SCOTER.EXAMPLE.COM,+1 313 123 4160,,145,2001,8307,-83.366535,42.206862
117,Guillaume,Edwards,1801 Monroe Ave Nw,49505,Grand Rapids,MI,US,United States of America,2,us,AMERICA,200,Guillaume.Edwards@SHRIKE.EXAMPLE.COM,+1 616 123 4162,,145,2001,8307,-85.67059,42.995694
118,Maurice,Mahoney,4925 Kendrick St Se,49512,Grand Rapids,MI,US,United States of America,2,us,AMERICA,200,Maurice.Mahoney@SNIPE.EXAMPLE.COM,+1 616 123 4181,,145,2001,8307,-85.54467,42.872615
119,Maurice,Hasan,3310 Dixie Ct,48601,Saginaw,MI,US,United States of America,2,us,AMERICA,200,Maurice.Hasan@STILT.EXAMPLE.COM,+1 517 123 4191,,145,2001,8307,-83.89048,43.366886
120,Diane,Higgins,113 Washington Sq N,48933,Lansing,MI,US,United States of America,2,us,AMERICA,200,Diane.Higgins@TANAGER.EXAMPLE.COM,+1 517 123 4199,,145,2001,8307,-84.55249,42.733738
121,Dianne,Sen,2500 S Pennsylvania Ave,48910,Lansing,MI,US,United States of America,2,us,AMERICA,200,Dianne.Sen@TATTLER.EXAMPLE.COM,+1 517 123 4201,,145,2001,8307,-84.53837,42.706292
122,Maurice,Daltrey,3213 S Cedar St,48910,Lansing,MI,US,United States of America,2,us,AMERICA,200,Maurice.Daltrey@TEAL.EXAMPLE.COM,+1 517 123 4206,,145,2001,8307,-84.54811,42.698823
124,Diane,Mason,6654 W Lafayette St,48226,Detroit,MI,US,United States of America,2,us,AMERICA,200,Diane.Mason@TROGON.EXAMPLE.COM,+1 313 123 4222,,145,2001,8307,-83.049285,42.330868
125,Dianne,Andrews,27 Benton Rd,48602,Saginaw,MI,US,United States of America,2,us,AMERICA,200,Dianne.Andrews@TURNSTONE.EXAMPLE.COM,+1 517 123 4225,,145,2001,8307,-83.99558,43.412702
126,Charles,Field,8201 Livernois Ave,48204,Detroit,MI,US,United States of America,2,us,AMERICA,300,Charles.Field@BECARD.EXAMPLE.COM,+1 313 123 4226,,145,2001,8307,-83.137545,42.354686
128,Isabella,Reed,3100 E Eisenhower Pky # 100,48108,Ann Arbor,MI,US,United States of America,2,us,AMERICA,300,Isabella.Reed@BRANT.EXAMPLE.COM,+1 313 123 4230,,145,2001,8307,-83.716754,42.244284
129,Louis,Jackson,952 Vassar Dr,49001,Kalamazoo,MI,US,United States of America,2,us,AMERICA,400,Louis.Jackson@CARACARA.EXAMPLE.COM,+1 616 123 4234,,145,2001,8307,-85.56744,42.262007
130,Louis,Edwards,150 W Jefferson Ave # 2500,48226,Detroit,MI,US,United States of America,2,us,AMERICA,400,Louis.Edwards@CHACHALACA.EXAMPLE.COM,+1 313 123 4242,,145,2001,8307,-83.046195,42.32827
131,Doris,Dutt,40 Pearl St Nw # 1020,49503,Grand Rapids,MI,US,United States of America,2,us,AMERICA,400,Doris.Dutt@CHUKAR.EXAMPLE.COM,+1 616 123 4245,,145,2001,8307,-85.66949,42.966096
133,Kristin,Malden,301 E Genesee Ave,48607,Saginaw,MI,US,United States of America,2,us,AMERICA,400,Kristin.Malden@GODWIT.EXAMPLE.COM,+1 517 123 4253,,145,2001,8307,-83.93747,43.432862
134,Sissy,Puri,9936 Dexter Ave,48206,Detroit,MI,US,United States of America,2,us,AMERICA,400,Sissy.Puri@GREBE.EXAMPLE.COM,+1 313 123 4255,,145,2001,8307,-83.121065,42.374977
135,Doris,Bel Geddes,1660 University Ter,48104,Ann Arbor,MI,US,United States of America,2,us,AMERICA,400,Doris.BelGeddes@GROSBEAK.EXAMPLE.COM,+1 313 123 4263,,145,2001,8307,-83.727334,42.281681
136,Sissy,Warden,15713 N East St,48906,Lansing,MI,US,United States of America,2,us,AMERICA,400,Sissy.Warden@JACANA.EXAMPLE.COM,+1 517 123 4265,,145,2001,8307,-84.54281,42.7886
138,Mani,Fonda,10315 Hickman Rd,50322,Des Moines,IA,US,United States of America,2,us,AMERICA,500,Mani.Fonda@KINGLET.EXAMPLE.COM,+1 515 123 4273,,145,2001,8307,-93.75829,41.614875
139,Placido,Kubrick,2115 N Towne Ln Ne,52402,Cedar Rapids,IA,US,United States of America,2,us,AMERICA,500,Placido.Kubrick@SCOTER.EXAMPLE.COM,+1 319 123 4278,,145,2001,8307,-91.6714,42.032886
140,Claudia,Kurosawa,1928 Sherwood Dr,51503,Council Bluffs,IA,US,United States of America,2,us,AMERICA,500,Claudia.Kurosawa@CHUKAR.EXAMPLE.COM,+1 712 123 4280,,145,2001,8307,-95.81115,41.276064
141,Maximilian,Henner,2102 E Kimberly Rd,52807,Davenport,IA,US,United States of America,2,us,AMERICA,500,Maximilian.Henner@DUNLIN.EXAMPLE.COM,+1 319 123 4282,,145,2001,8307,-90.54472,41.5566
143,Sachin,Neeson,5112 Sw 9Th St,50315,Des Moines,IA,US,United States of America,2,us,AMERICA,500,Sachin.Neeson@GALLINULE.EXAMPLE.COM,+1 515 123 4290,,145,2001,8307,-93.62554,41.537188
767,Klaus Maria,Russell,Piazza Svizzera,361221,San Giminiano,,IT,Italy,1,i,ITALY,100,KlausMaria.Russell@COOT.EXAMPLE.COM,+39 49 012 4411,,147,,,,
771,Kris,de Niro,Via Delle Capeletti 52,361224,San Giminiano,,IT,Italy,1,i,ITALY,400,Kris.deNiro@DUNLIN.EXAMPLE.COM,+39 49 012 4419,,147,,,,
826,Alain,Barkin,Sonnenberg 4,3413,Baden-Daettwil,AG,CH,Switzerland,1,d,SWITZERLAND,500,Alain.Barkin@VERDIN.EXAMPLE.COM,+41 57 012 3529,,147,,,,
830,Albert,Dutt,Kreuzritterplatz 5,3413,Baden-Daettwil,AG,CH,Switzerland,1,d,SWITZERLAND,3500,Albert.Dutt@CURLEW.EXAMPLE.COM,+41 61 012 3537,+41 61 083 3537,147,,,,
850,Amanda,Finney,Pfannenstilstr 13,8132,Egg,ZH,CH,Switzerland,1,d,SWITZERLAND,2300,Amanda.Finney@STILT.EXAMPLE.COM,+41 1 012 3577,+41 1 083 3577,147,,,,
905,Billy,Hershey,1592 Silverado St,361123,Bangalore,Kar,IN,India,3,hi,INDIA,1400,Billy.Hershey@BULBUL.EXAMPLE.COM,+91 80 012 3687,,148,,,,
911,Bo,Dickinson,1598 Legend St,361149,Bangalore,Kar,IN,India,3,hi,INDIA,5000,Bo.Dickinson@TANAGER.EXAMPLE.COM,+91 80 012 3699,+91 80 083 3699,148,,,,
919,Brooke,Michalkow,1606 Volunteers Blvd,361196,Bangalore,Kar,IN,India,3,hi,INDIA,3500,Brooke.Michalkow@GROSBEAK.EXAMPLE.COM,+91 80 012 3715,,148,,,,
924,Bruno,Montand,1611 Carmen Blvd,361118,Bangalore,Kar,IN,India,3,hi,INDIA,5000,Bruno.Montand@TOWHEE.EXAMPLE.COM,+91 80 012 3725,+91 80 083 3725,148,,,,
930,Buster,Jackson,1617 Crackers St,361168,Bangalore - India,Kar,IN,India,3,hi,INDIA,900,Buster.Jackson@KILLDEER.EXAMPLE.COM,+91 80 012 3737,,148,,,,
980,Daniel,Loren,1667 2010 St,61311,Batavia,IL,IN,India,3,hi,INDIA,200,Daniel.Loren@REDSTART.EXAMPLE.COM,+91 80 012 3837,,148,,,,
473,Rolf,Ashby,1612 Talaivar St,,Chennai,Tam,IN,India,3,hi,INDIA,5000,Rolf.Ashby@WATERTHRUSH.EXAMPLE.COM,+91 80 012 4823,+91 80 083 4823,148,,,,
474,Romy,Sharif,1613 Victoria St,,Calcutta,,IN,India,3,hi,INDIA,5000,Romy.Sharif@SNIPE.EXAMPLE.COM,+91 33 012 4825,+91 33 083 4825,148,,,,
475,Romy,McCarthy,1614 Gitanjali Rd,361168,Calcutta,,IN,India,3,hi,INDIA,5000,Romy.McCarthy@STILT.EXAMPLE.COM,+91 33 012 4827,+91 33 083 4827,148,,,,
476,Rosanne,Hopkins,1615 Crackers Crt,361168,Chennai - India,,IN,India,3,hi,INDIA,300,Rosanne.Hopkins@ANI.EXAMPLE.COM,+91 80 012 4829,,148,,,,
477,Rosanne,Douglas,1616 Mr. India Ln,361168,Bombay - India,Kar,IN,India,3,hi,INDIA,300,Rosanne.Douglas@ANHINGA.EXAMPLE.COM,+91 22 012 4831,,148,,,,
478,Rosanne,Baldwin,1617 Crackers St,361168,Bangalore - India,Kar,IN,India,3,hi,INDIA,300,Rosanne.Baldwin@AUKLET.EXAMPLE.COM,+91 80 012 4833,,148,,,,
479,Roxanne,Shepherd,1618 Villains St,361168,New Delhi - India,,IN,India,3,hi,INDIA,1200,Roxanne.Shepherd@DUNLIN.EXAMPLE.COM,+91 11 012 4835,+91 11 083 4835,148,,,,
480,Roxanne,Michalkow,1619 Bowlers Rd,361168,Chandigarh,Har,IN,India,3,hi,INDIA,1200,Roxanne.Michalkow@EIDER.EXAMPLE.COM,+91 172 012 4837,,148,,,,
481,Roy,Hulce,1620 Sixers Crt,361168,Bombay,Kar,IN,India,3,hi,INDIA,5000,Roy.Hulce@SISKIN.EXAMPLE.COM,+91 22 012 4839,+91 22 083 4839,148,,,,
482,Roy,Dunaway,1622 Roja St,361168,Chennai,Tam,IN,India,3,hi,INDIA,5000,Roy.Dunaway@WHIMBREL.EXAMPLE.COM,+91 80 012 4841,+91 80 083 4841,148,,,,
483,Roy,Bates,1623 Hey Ram St,361168,Chennai - India,,IN,India,3,hi,INDIA,5000,Roy.Bates@WIGEON.EXAMPLE.COM,+91 80 012 4843,+91 80 083 4843,148,,,,
487,Rufus,Dvrrie,1627 Sowdagar St,361168,New Delhi,,IN,India,3,hi,INDIA,1900,Rufus.Dvrrie@PLOVER.EXAMPLE.COM,+91 11 012 4851,+91 11 083 4851,148,,,,
488,Rufus,Belushi,1628 Pataudi St,361168,New Delhi,,IN,India,3,hi,INDIA,1900,Rufus.Belushi@PUFFIN.EXAMPLE.COM,+91 11 012 4853,+91 11 083 4853,148,,,,
492,Sally,Edwards,1632 Splash St,361168,Chandigarh,Har,IN,India,3,hi,INDIA,2500,Sally.Edwards@TURNSTONE.EXAMPLE.COM,+91 172 012 4861,,148,,,,
496,Scott,Jordan,1636 Pretty Blvd,361168,Bangalore,Kar,IN,India,3,hi,INDIA,5000,Scott.Jordan@WILLET.EXAMPLE.COM,+91 80 012 4869,,148,,,,
605,Shammi,Pacino,1646 Brazil Blvd,361168,Chennai,Tam,IN,India,3,hi,INDIA,500,Shammi.Pacino@BITTERN.EXAMPLE.COM,+91 80 012 4887,,148,,,,
606,Sharmila,Kazan,1647 Suspense St,361168,Cochin,Ker,IN,India,3,hi,INDIA,500,Sharmila.Kazan@BRANT.EXAMPLE.COM,+91 80 012 4889,,148,,,,
609,Shelley,Taylor,1650 Teesri Manjil Crt,361168,Kashmir,,IN,India,3,hi,INDIA,3700,Shelley.Taylor@CURLEW.EXAMPLE.COM,+91 141 012 4895,+91 141 083 4895,148,,,,
615,Shyam,Plummer,1656 Veterans Rd,361168,Chennai,Tam,IN,India,3,hi,INDIA,2500,Shyam.Plummer@VEERY.EXAMPLE.COM,+91 80 012 4907,,148,,,,
621,Silk,Kurosawa,1662 Talaivar St,361168,Chennai,Tam,IN,India,3,hi,INDIA,1500,Silk.Kurosawa@NUTHATCH.EXAMPLE.COM,+91 80 012 4919,,148,,,,
712,M. Emmet,Stockwell,Piazza Del Congresso 22,361185,Roma,,IT,Italy,1,i,ITALY,3700,M.Emmet.Stockwell@COOT.EXAMPLE.COM,+39 6 012 4501,+39 6 083 4501,147,,,,
713,M. Emmet,Olin,Piazza Quattre Stagioni 4,361186,Roma,,IT,Italy,1,i,ITALY,3700,M.Emmet.Olin@CORMORANT.EXAMPLE.COM,+39 6 012 4503,+39 6 083 4503,147,,,,
717,Mammutti,Sutherland,Ruella Delle Spiriti,361188,Roma,,IT,Italy,1,i,ITALY,500,Mammutti.Sutherland@TOWHEE.EXAMPLE.COM,+39 6 012 4511,,147,,,,
719,Mani,Kazan,Via Del Disegno 194,361189,Roma,,IT,Italy,1,i,ITALY,500,Mani.Kazan@TROGON.EXAMPLE.COM,+39 6 012 4515,,147,,,,
721,Mani,Buckley,Via Delle Capeletti 52,361190,Roma,,IT,Italy,1,i,ITALY,500,Mani.Buckley@TURNSTONE.EXAMPLE.COM,+39 6 012 4519,,147,,,,
729,Margaux,Krige,Via Di Firenze 231,361194,Roma,,IT,Italy,1,i,ITALY,2400,Margaux.Krige@DUNLIN.EXAMPLE.COM,+39 6 012 4535,+39 6 083 4535,147,,,,
731,Margaux,Capshaw,Via Dolorosa 69,361195,Roma,,IT,Italy,1,i,ITALY,2400,Margaux.Capshaw@EIDER.EXAMPLE.COM,+39 6 012 4539,+39 6 083 4539,147,,,,
754,Kevin,Goodman,Via Notoriosa 1942,361234,Ventimiglia,,IT,Italy,1,i,ITALY,700,Kevin.Goodman@WIGEON.EXAMPLE.COM,+39 10 012 4385,,147,,,,
756,Kevin,Wilder,Canale Grande 2,361183,Roma,,IT,Italy,1,i,ITALY,700,Kevin.Wilder@AUKLET.EXAMPLE.COM,+39 6 012 4389,,147,,,,
757,Kiefer,Reynolds,Piazza Cacchiatore 23,361184,Roma,,IT,Italy,1,i,ITALY,700,Kiefer.Reynolds@AVOCET.EXAMPLE.COM,+39 6 012 4391,,147,,,,
766,Klaus,Young,Via Del Disegno 194,361223,San Giminiano,,IT,Italy,1,i,ITALY,600,Klaus.Young@OVENBIRD.EXAMPLE.COM,+39 49 012 4409,,147,,,,
768,Klaus Maria,MacLaine,Via Dello Croce 93,361227,Tellaro,,IT,Italy,1,i,ITALY,100,KlausMaria.MacLaine@CHUKAR.EXAMPLE.COM,+39 10 012 4413,,147,,,,
769,Kris,Harris,Via Dello Croce 93,361217,San Giminiano,,IT,Italy,1,i,ITALY,400,Kris.Harris@DIPPER.EXAMPLE.COM,+39 49 012 4415,,147,,,,
770,Kris,Curtis,Ruella Delle Spiriti,361222,San Giminiano,,IT,Italy,1,i,ITALY,400,Kris.Curtis@DOWITCHER.EXAMPLE.COM,+39 49 012 4417,,147,,,,
772,Kristin,Savage,Via Delli Capelli 2,361226,Tellaro,,IT,Italy,1,i,ITALY,400,Kristin.Savage@CURLEW.EXAMPLE.COM,+39 10 012 4421,,147,,,,
782,Laurence,Seignier,1971 Limelight Blvd,,Samutprakarn,,,,,th,THAILAND,1200,Laurence.Seignier@CREEPER.EXAMPLE.COM,+66 76 012 4441,,149,,,,
825,Alain,Dreyfuss,Harmoniegasse 3,3413,Baden-Daettwil,AG,CH,Switzerland,1,d,SWITZERLAND,500,Alain.Dreyfuss@VEERY.EXAMPLE.COM,+41 56 012 3527,,147,,,,
827,Alain,Siegel,Alfred E. Neumann-Weg 3,3413,Baden-Daettwil,AG,CH,Switzerland,1,d,SWITZERLAND,500,Alain.Siegel@VIREO.EXAMPLE.COM,+41 58 012 3531,,147,,,,
828,Alan,Minnelli,Dr. Herbert Bitto Str 23,3413,Baden-Daettwil,AG,CH,Switzerland,1,d,SWITZERLAND,2300,Alan.Minnelli@TANAGER.EXAMPLE.COM,+41 59 012 3533,+41 59 083 3533,147,,,,
829,Alan,Hunter,Taefernstr 4,3413,Baden-Daettwil,AG,CH,Switzerland,1,d,SWITZERLAND,2300,Alan.Hunter@TATTLER.EXAMPLE.COM,+41 60 012 3535,+41 60 083 3535,147,,,,
831,Albert,Bel Geddes,Helebardenweg 5,3413,Baden-Daettwil,AG,CH,Switzerland,1,d,SWITZERLAND,3500,Albert.BelGeddes@DIPPER.EXAMPLE.COM,+41 62 012 3539,+41 62 083 3539,147,,,,
832,Albert,Spacek,Zum Freundlichen Nachbarn 5,3413,Baden-Daettwil,AG,CH,Switzerland,1,d,SWITZERLAND,3500,Albert.Spacek@DOWITCHER.EXAMPLE.COM,+41 63 012 3541,+41 63 083 3541,147,,,,
833,Alec,Moranis,Ziegenwiese 3,3413,Baden-Daettwil,AG,CH,Switzerland,1,d,SWITZERLAND,3500,Alec.Moranis@DUNLIN.EXAMPLE.COM,+41 64 012 3543,+41 64 083 3543,147,,,,
834,Alec,Idle,Am Waldrand 5,3413,Baden-Daettwil,AG,CH,Switzerland,1,d,SWITZERLAND,3500,Alec.Idle@EIDER.EXAMPLE.COM,+41 65 012 3545,+41 65 083 3545,147,,,,
835,Alexander,Eastwood,Zur Kantine 9,3413,Baden-Daettwil,AG,CH,Switzerland,1,d,SWITZERLAND,1200,Alexander.Eastwood@AVOCET.EXAMPLE.COM,+41 66 012 3547,,147,,,,
836,Alexander,Berenger,Grosse Bahnhostrasse 3,3413,Baden-Daettwil,AG,CH,Switzerland,1,d,SWITZERLAND,1200,Alexander.Berenger@BECARD.EXAMPLE.COM,+41 67 012 3549,,147,,,,
837,Alexander,Stanton,Paradeplatz 4,8001,Zuerich,ZH,CH,Switzerland,1,d,SWITZERLAND,1200,Alexander.Stanton@AUKLET.EXAMPLE.COM,+41 2 012 3551,+41 2 083 3551,147,,,,
838,Alfred,Nicholson,Badenerstr 1941,8004,Zuerich,ZH,CH,Switzerland,1,d,SWITZERLAND,3500,Alfred.Nicholson@CREEPER.EXAMPLE.COM,+41 3 012 3553,+41 3 083 3553,147,,,,
839,Alfred,Johnson,Welschdoerfchen 1941,7001,Chur,ZH,CH,Switzerland,1,d,SWITZERLAND,3500,Alfred.Johnson@FLICKER.EXAMPLE.COM,+41 81 012 3555,,147,,,,
840,Ali,Elliott,Le Reduit,7064,Tschiertschen,GR,CH,Switzerland,1,d,SWITZERLAND,1400,Ali.Elliott@ANHINGA.EXAMPLE.COM,+41 81 012 3557,,147,,,,
841,Ali,Boyer,Bendlehn,9062,Trogen,SG,CH,Switzerland,1,d,SWITZERLAND,1400,Ali.Boyer@WILLET.EXAMPLE.COM,+41 71 012 3559,,147,,,,
842,Ali,Stern,Spisertor 3,7000,St. Gallen,SG,CH,Switzerland,1,d,SWITZERLAND,1400,Ali.Stern@YELLOWTHROAT.EXAMPLE.COM,+41 71 012 3561,,147,,,,
843,Alice,Oates,Langstr 14,8004,Zuerich,ZH,CH,Switzerland,1,d,SWITZERLAND,700,Alice.Oates@BECARD.EXAMPLE.COM,+41 4 012 3563,,147,,,,
844,Alice,Julius,Roessligasse 4,8001,Zurich,ZH,CH,Switzerland,1,d,SWITZERLAND,700,Alice.Julius@BITTERN.EXAMPLE.COM,+41 6 012 3565,,147,,,,
845,Ally,Fawcett,Zum Froehlichen Schweizer 3,8000,Zurich,ZH,CH,Switzerland,1,d,SWITZERLAND,5000,Ally.Fawcett@PLOVER.EXAMPLE.COM,+41 7 012 3567,+41 7 083 3567,147,,,,
846,Ally,Brando,Chrottenweg,3000,Bern,BE,CH,Switzerland,1,d,SWITZERLAND,5000,Ally.Brando@PINTAIL.EXAMPLE.COM,+41 31 012 3569,+41 31 083 3569,147,,,,
847,Ally,Streep,Bruppacher Str 3,3413,Baden-Daettwil,AG,CH,Switzerland,1,d,SWITZERLAND,5000,Ally.Streep@PIPIT.EXAMPLE.COM,+41 68 012 3571,+41 68 083 3571,147,,,,
848,Alonso,Olmos,Limmatquai,8001,Zuerich,ZH,CH,Switzerland,1,d,SWITZERLAND,1800,Alonso.Olmos@PHALAROPE.EXAMPLE.COM,+41 5 012 3573,+41 5 083 3573,147,,,,
849,Alonso,Kaurusmdki,Dreikoenigsstr 3,8001,Zurich,ZH,CH,Switzerland,1,d,SWITZERLAND,1800,Alonso.Kaurusmdki@PHOEBE.EXAMPLE.COM,+41 8 012 3575,+41 8 083 3575,147,,,,
851,Amanda,Brown,Kreuzstr 32,8032,Zurich,ZH,CH,Switzerland,1,d,SWITZERLAND,2300,Amanda.Brown@THRASHER.EXAMPLE.COM,+41 9 012 3579,+41 9 083 3579,147,,,,
852,Amanda,Tanner,1539 Stripes Rd,3413,Baden-Daettwil,AG,CH,Switzerland,1,d,SWITZERLAND,2300,Amanda.Tanner@TEAL.EXAMPLE.COM,+41 69 012 3581,+41 69 083 3581,147,,,,
853,Amrish,Palin,1540 Stripes Crt,3413,Baden-Daettwil,AG,CH,Switzerland,1,d,SWITZERLAND,400,Amrish.Palin@EIDER.EXAMPLE.COM,+41 70 012 3583,,147,,,,
906,Billy,Dench,1593 Silverado St,361112,Bangalore,Kar,IN,India,3,hi,INDIA,1400,Billy.Dench@CARACARA.EXAMPLE.COM,+91 80 012 3689,,148,,,,
909,Blake,Mastroianni,1596 Commando Blvd,361126,Bangalore,Kar,IN,India,3,hi,INDIA,1200,Blake.Mastroianni@FLICKER.EXAMPLE.COM,+91 80 012 3695,,148,,,,
912,Bo,Ashby,1599 Legend Rd,361128,Bangalore,Kar,IN,India,3,hi,INDIA,5000,Bo.Ashby@TATTLER.EXAMPLE.COM,+91 80 012 3701,+91 80 083 3701,148,,,,
913,Bob,Sharif,1600 Target Crt,361191,Bangalore,Kar,IN,India,3,hi,INDIA,5000,Bob.Sharif@TEAL.EXAMPLE.COM,+91 80 012 3703,+91 80 083 3703,148,,,,
916,Brian,Douglas,1603 Rebel St,361129,Bangalore,Kar,IN,India,3,hi,INDIA,500,Brian.Douglas@AVOCET.EXAMPLE.COM,+91 80 012 3709,,148,,,,
917,Brian,Baldwin,1604 Volunteers Rd,361121,Bangalore,Kar,IN,India,3,hi,INDIA,500,Brian.Baldwin@BECARD.EXAMPLE.COM,+91 80 012 3711,,148,,,,
920,Bruce,Hulce,1607 Abwdrts St,361114,Bangalore,Kar,IN,India,3,hi,INDIA,3500,Bruce.Hulce@JACANA.EXAMPLE.COM,+91 80 012 3717,,148,,,,
921,Bruce,Dunaway,1608 Amadeus St,361198,Bangalore,Kar,IN,India,3,hi,INDIA,3500,Bruce.Dunaway@JUNCO.EXAMPLE.COM,+91 80 012 3719,+91 80 083 3719,148,,,,
923,Bruno,Slater,1610 Betrayal Crt,361119,Bangalore,Kar,IN,India,3,hi,INDIA,5000,Bruno.Slater@THRASHER.EXAMPLE.COM,+91 80 012 3723,+91 80 083 3723,148,,,,
927,Bryan,Belushi,1614 Crackers Rd,361168,Bangalore - India,Kar,IN,India,3,hi,INDIA,2300,Bryan.Belushi@TOWHEE.EXAMPLE.COM,+91 80 012 3731,+91 80 083 3731,148,,,,
928,Burt,Spielberg,1615 Crackers Crt,361168,Bangalore - India,Kar,IN,India,3,hi,INDIA,5000,Burt.Spielberg@TROGON.EXAMPLE.COM,+91 80 012 3733,+91 80 083 3733,148,,,,
929,Burt,Neeson,1616 Crackers Blvd,361168,Bangalore - India,Kar,IN,India,3,hi,INDIA,5000,Burt.Neeson@TURNSTONE.EXAMPLE.COM,+91 80 012 3735,+91 80 083 3735,148,,,,
931,Buster,Edwards,1618 Footloose St,361168,Bangalore - India,Kar,IN,India,3,hi,INDIA,900,Buster.Edwards@KINGLET.EXAMPLE.COM,+91 80 012 3739,,148,,,,
932,Buster,Bogart,1619 Footloose Rd,361168,Bangalore - India,Kar,IN,India,3,hi,INDIA,900,Buster.Bogart@KISKADEE.EXAMPLE.COM,+91 80 012 3741,,148,,,,
934,C. Thomas,Nolte,1621 Gargon! Blvd,361168,Bangalore - India,Kar,IN,India,3,hi,INDIA,600,C.Thomas.Nolte@PHOEBE.EXAMPLE.COM,+91 80 012 3745,,148,,,,
981,Daniel,Gueney,1668 Chong Tao,111181,Beijing,,CN,China,3,zhs,CHINA,200,Daniel.Gueney@REDPOLL.EXAMPLE.COM,+86 10 012 3839,,148,,,,
123,Elizabeth,Brown,8110 Jackson Rd,48103,Ann Arbor,MI,US,United States of America,2,us,AMERICA,200,Elizabeth.Brown@THRASHER.EXAMPLE.COM,+1 313 123 4219,,145,2001,8307,-83.890694,42.292947
127,Charles,Broderick,101 N Falahee Rd,49203,Jackson,MI,US,United States of America,2,us,AMERICA,300,Charles.Broderick@BITTERN.EXAMPLE.COM,+1 517 123 4228,,145,2001,8307,-84.34679,42.238519
132,Doris,Spacek,1135 Catherine St,48109,Ann Arbor,MI,US,United States of America,2,us,AMERICA,400,Doris.Spacek@FLICKER.EXAMPLE.COM,+1 313 123 4248,,145,2001,8307,-83.715384,42.290596
137,Elia,Brando,555 John F Kennedy Rd,52002,Dubuque,IA,US,United States of America,2,us,AMERICA,500,Elia.Brando@JUNCO.EXAMPLE.COM,+1 319 123 4271,,145,2001,8307,-90.72012,42.496103
142,Sachin,Spielberg,1691 Asbury Rd,52001,Dubuque,IA,US,United States of America,2,us,AMERICA,500,Sachin.Spielberg@GADWALL.EXAMPLE.COM,+1 319 123 4288,,145,2001,8307,-90.69686,42.500903
163,Ernest,Chandar,633 S Hawley Rd,53214,Milwaukee,WI,US,United States of America,2,us,AMERICA,900,Ernest.Chandar@LIMPKIN.EXAMPLE.COM,+1 414 123 4376,,145,2001,8307,-87.98592,43.025362
168,Hema,Voight,113 N 1St St,55401,Minneapolis,MN,US,United States of America,2,us,AMERICA,1200,Hema.Voight@PHALAROPE.EXAMPLE.COM,+1 612 123 4408,,145,2001,8307,-93.26806,44.984747
173,Kathleen,Walken,1409 Willow St # 600,55403,Minneapolis,MN,US,United States of America,2,us,AMERICA,1200,Kathleen.Walken@VIREO.EXAMPLE.COM,+1 612 123 4434,,145,2001,8307,-93.28193,44.968631
178,Grace,Belushi,726 Union St,12534,Hudson,NY,US,United States of America,2,us,AMERICA,1200,Grace.Belushi@KILLDEER.EXAMPLE.COM,+1 518 123 4464,,149,2001,8307,-73.784949,42.246766
182,Lauren,Dench,85 High St,14203,Buffalo,NY,US,United States of America,2,us,AMERICA,1200,Lauren.Dench@LONGSPUR.EXAMPLE.COM,+1 716 123 4575,,149,2001,8307,-78.86586,42.900169
187,Grace,Dvrrie,2979 Hamburg St,12303,Schenectady,NY,US,United States of America,2,us,AMERICA,1200,Grace.Dvrrie@PHOEBE.EXAMPLE.COM,+1 518 123 4617,,149,2001,8307,-73.93703,42.76779
212,Luchino,Falk,5643 N 5Th St,19120,Philadelphia,PA,US,United States of America,2,us,AMERICA,1500,Luchino.Falk@OVENBIRD.EXAMPLE.COM,+1 215 123 4721,,149,2001,8307,-75.13043,40.036595
217,Bryan,Huston,4901 Locust Ln,17109,Harrisburg,PA,US,United States of America,2,us,AMERICA,2300,Bryan.Huston@PYRRHULOXIA.EXAMPLE.COM,+1 717 123 4739,,149,2001,8307,-76.80639,40.293213
222,Cary,Stockwell,7708 City Ave,19151,Philadelphia,PA,US,United States of America,2,us,AMERICA,2300,Cary.Stockwell@VIREO.EXAMPLE.COM,+1 215 123 4745,,149,2001,8307,-75.278794,39.975525
226,Ajay,Andrews,223 4Th Ave # 1100,15222,Pittsburgh,PA,US,United States of America,2,us,AMERICA,2300,Ajay.Andrews@YELLOWTHROAT.EXAMPLE.COM,+1 412 123 4763,,149,2001,8307,-80.0027,40.439706
231,Danny,Rourke,5640 Fishers Ln,20852,Rockville,MD,US,United States of America,2,us,AMERICA,2400,Danny.Rourke@BRANT.EXAMPLE.COM,+1 301 123 4794,,145,2001,8307,-77.115297,39.062872
255,Brooke,Shepherd,810 1St Ave,51501,Council Bluffs,IA,US,United States of America,2,us,AMERICA,3500,Brooke.Shepherd@KILLDEER.EXAMPLE.COM,+1 712 123 4289,,145,2001,8307,-95.85574,41.260392
260,Ellen,Khan,255 Great Arrow Ave,14207,Buffalo,NY,US,United States of America,2,us,AMERICA,3600,Ellen.Khan@VERDIN.EXAMPLE.COM,+1 716 123 4456,,149,2001,8307,-78.8782,42.939107
264,George,Adjani,1136 Arch St,19107,Philadelphia,PA,US,United States of America,2,us,AMERICA,3600,George.Adjani@WILLET.EXAMPLE.COM,+1 215 123 4702,,149,2001,8307,-75.15858,39.953503
269,Kyle,Martin,2713 N Bendix Dr,46628,South Bend,IN,US,United States of America,2,us,AMERICA,3700,Kyle.Martin@EIDER.EXAMPLE.COM,+1 219 123 4116,,145,2001,8307,-86.29384,41.713988
273,Bo,Hitchcock,1330 N Memorial Dr,53404,Racine,WI,US,United States of America,2,us,AMERICA,5000,Bo.Hitchcock@ANHINGA.EXAMPLE.COM,+1 414 123 4340,,145,2001,8307,-87.8003,42.737121
339,Marilou,Landis,Via Notoriosa 1941,361199,Firenze,,IT,Italy,1,i,ITALY,500,Marilou.Landis@TATTLER.EXAMPLE.COM,+39 55 012 4555,,147,,,,
344,Marlon,Godard,2017 Convoy St,876508,Tokyo,,JP,Japan,3,ja,JAPAN,2400,Marlon.Godard@MOORHEN.EXAMPLE.COM,+81 565 012 4567,,148,,,,
348,Kelly,Lange,Piazza Del Congresso 22,361219,San Giminiano,,IT,Italy,1,i,ITALY,3600,Kelly.Lange@SANDPIPER.EXAMPLE.COM,+39 49 012 4373,+39 49 083 4373,147,,,,
352,Kenneth,Redford,Via Notoriosa 1949,361236,Ventimiglia,,IT,Italy,1,i,ITALY,3600,Kenneth.Redford@REDSTART.EXAMPLE.COM,+39 10 012 4381,+39 10 083 4381,147,,,,
378,Meg,Sen,2033 Spartacus St,,Samutprakarn,,,,,th,THAILAND,3700,Meg.Sen@COWBIRD.EXAMPLE.COM,+66 76 012 4633,+66 76 083 4633,149,,,,
449,Rick,Romero,Via Del Disegno 194,361213,Milano,,IT,Italy,1,i,ITALY,1500,Rick.Romero@LONGSPUR.EXAMPLE.COM,+39 2 012 4775,,147,,,,
453,Ridley,Young,1592 Silverado St,361123,Bangalore,Kar,IN,India,3,hi,INDIA,700,Ridley.Young@CHUKAR.EXAMPLE.COM,+91 80 012 4783,,148,,,,
463,Robin,Adjani,1602 Sholay St,,Chennai,Tam,IN,India,3,hi,INDIA,1500,Robin.Adjani@MOORHEN.EXAMPLE.COM,+91 80 012 4803,,148,,,,
470,Roger,Mastroianni,1609 Pakija Rd,,New Delhi,,IN,India,3,hi,INDIA,3700,Roger.Mastroianni@CREEPER.EXAMPLE.COM,+91 11 012 4817,+91 11 083 4817,148,,,,
607,Sharmila,Fonda,1648 Anamika St,361168,Cochin,Ker,IN,India,3,hi,INDIA,500,Sharmila.Fonda@BUFFLEHEAD.EXAMPLE.COM,+91 80 012 4891,,148,,,,
627,Sivaji,Gielgud,1667 2010 St,61311,Batavia,Ker,IN,India,3,hi,INDIA,500,Sivaji.Gielgud@BULBUL.EXAMPLE.COM,+91 80 012 4931,,148,,,,
715,Malcolm,Field,Piazza Svizzera,361187,Roma,,IT,Italy,1,i,ITALY,2400,Malcolm.Field@DOWITCHER.EXAMPLE.COM,+39 6 012 4507,+39 6 083 4507,147,,,,
727,Margaret,Ustinov,Via Dello Croce 93,361193,Roma,,IT,Italy,1,i,ITALY,1200,Margaret.Ustinov@ANHINGA.EXAMPLE.COM,+39 6 012 4531,,147,,,,
755,Kevin,Cleveland,Via Notoriosa 1943,361235,Ventimiglia,,IT,Italy,1,i,ITALY,700,Kevin.Cleveland@WILLET.EXAMPLE.COM,+39 10 012 4387,,147,,,,
